x,y,y_dt,L,k,contrast
0.0,-0.30956035494546513,-53.101812276497476,3,3,7.5
0.002004008016032064,-0.31372410712490867,-53.85515143197904,3,3,7.5
0.004008016032064128,-0.3177743266132539,-54.58832749091324,3,3,7.5
0.0060120240480961915,-0.32171008311722515,-55.30112191798339,3,3,7.5
0.008016032064128256,-0.3255304463435471,-55.99331617787262,3,3,7.5
0.01002004008016032,-0.3292344859989439,-56.66469173526414,3,3,7.5
0.012024048096192383,-0.33282127179014004,-57.315030054841216,3,3,7.5
0.014028056112224447,-0.3362898734238599,-57.94411260128725,3,3,7.5
0.01603206412825651,-0.3396393606068281,-58.55172083928517,3,3,7.5
0.018036072144288574,-0.34286880304576894,-59.137636233518464,3,3,7.5
0.02004008016032064,-0.34597727044740667,-59.70164024867024,3,3,7.5
0.022044088176352703,-0.34896383251846597,-60.243514349423634,3,3,7.5
0.024048096192384766,-0.35182755896567125,-60.76304000046214,3,3,7.5
0.026052104208416832,-0.35456751949574694,-61.25999866646869,3,3,7.5
0.028056112224448895,-0.3571827838154171,-61.73417181212681,3,3,7.5
0.03006012024048096,-0.35967242163140667,-62.18534090211942,3,3,7.5
0.03206412825651302,-0.3620355026504398,-62.613287401129966,3,3,7.5
0.03406813627254509,-0.364271096579241,-63.0177927738416,3,3,7.5
0.03607214428857715,-0.36637827312453464,-63.398638484937464,3,3,7.5
0.038076152304609215,-0.3683561019930452,-63.75560599910105,3,3,7.5
0.04008016032064128,-0.3702036528914969,-64.0884767810154,3,3,7.5
0.04208416833667334,-0.37191999552661437,-64.39703229536374,3,3,7.5
0.044088176352705406,-0.3735041996051221,-64.68105400682938,3,3,7.5
0.04609218436873747,-0.37495362772869445,-64.94166131254606,3,3,7.5
0.04809619238476953,-0.37626194020716097,-65.18324881434862,3,3,7.5
0.0501002004008016,-0.3774363548125245,-65.40013552072364,3,3,7.5
0.052104208416833664,-0.3784768265575931,-65.59232541100373,3,3,7.5
0.05410821643286573,-0.3793833104551749,-65.75982246452165,3,3,7.5
0.05611222444889779,-0.3801557615180778,-65.90263066061011,3,3,7.5
0.058116232464929855,-0.38079413475910984,-66.0207539786018,3,3,7.5
0.06012024048096192,-0.38129838519107906,-66.11419639782932,3,3,7.5
0.06212424849699398,-0.3816684678267934,-66.18296189762557,3,3,7.5
0.06412825651302605,-0.381904337679061,-66.22705445732299,3,3,7.5
0.06613226452905811,-0.38200594976068986,-66.24647805625459,3,3,7.5
0.06813627254509018,-0.3819732590844878,-66.24123667375295,3,3,7.5
0.07014028056112225,-0.3818062206632631,-66.21133428915084,3,3,7.5
0.0721442885771543,-0.3815047895098235,-66.1567748817809,3,3,7.5
0.07414829659318636,-0.38106892063697734,-66.07756243097569,3,3,7.5
0.07615230460921843,-0.3804985690575323,-65.97370091606817,3,3,7.5
0.0781563126252505,-0.37979368978429673,-65.84519431639097,3,3,7.5
0.08016032064128256,-0.3789542378300783,-65.69204661127665,3,3,7.5
0.08216432865731463,-0.3779737793100209,-65.51913598071806,3,3,7.5
0.08416833667334668,-0.376847923036627,-65.33005524198707,3,3,7.5
0.08617234468937875,-0.3755883770869233,-65.11655312769123,3,3,7.5
0.08817635270541081,-0.37419587178782604,-64.87878348495923,3,3,7.5
0.09018036072144288,-0.37267113746625163,-64.61690016092001,3,3,7.5
0.09218436873747494,-0.3710149044491166,-64.33105700270268,3,3,7.5
0.09418837675350701,-0.36922790306333725,-64.02140785743605,3,3,7.5
0.09619238476953906,-0.36731086363582993,-63.68810657224904,3,3,7.5
0.09819639278557113,-0.3652645164935112,-63.331306994270626,3,3,7.5
0.1002004008016032,-0.36308959196329743,-62.95116297062989,3,3,7.5
0.10220440881763526,-0.36078682037210486,-62.54782834845564,3,3,7.5
0.10420841683366733,-0.35835693204685004,-62.12145697487683,3,3,7.5
0.1062124248496994,-0.3558006573144493,-61.67220269702244,3,3,7.5
0.10821643286573146,-0.35311872650181914,-61.20021936202162,3,3,7.5
0.11022044088176351,-0.3503118699358759,-60.70566081700304,3,3,7.5
0.11222444889779558,-0.34738081794353587,-60.18868090909576,3,3,7.5
0.11422845691382764,-0.34432630085171567,-59.64943348542853,3,3,7.5
0.11623246492985971,-0.34114904898733156,-59.088072393130545,3,3,7.5
0.11823647294589178,-0.33784027931104027,-58.511993652737914,3,3,7.5
0.12024048096192384,-0.33440283966510326,-57.920195380950204,3,3,7.5
0.1222444889779559,-0.3308462631291635,-57.3069113940151,3,3,7.5
0.12424849699398796,-0.32717213953018337,-56.67240379177827,3,3,7.5
0.12625250501002003,-0.3233820586951259,-56.01693467408489,3,3,7.5
0.1282565130260521,-0.3194776104509539,-55.3407661407804,3,3,7.5
0.13026052104208416,-0.3154603846246301,-54.644160291710236,3,3,7.5
0.13226452905811623,-0.31133197104311733,-53.92737922671967,3,3,7.5
0.1342685370741483,-0.3070939595333783,-53.19068504565428,3,3,7.5
0.13627254509018036,-0.3027479399223759,-52.43433984835933,3,3,7.5
0.13827655310621242,-0.2982955020370729,-51.65860573468025,3,3,7.5
0.1402805611222445,-0.29373823570443214,-50.86374480446245,3,3,7.5
0.14228456913827653,-0.2890777307514164,-50.05001915755136,3,3,7.5
0.1442885771543086,-0.28431557700498833,-49.21769089379222,3,3,7.5
0.14629258517034066,-0.2794533642921109,-48.367022113030586,3,3,7.5
0.14829659318637273,-0.2744926824397468,-47.49827491511177,3,3,7.5
0.1503006012024048,-0.2694351212748589,-46.61171139988129,3,3,7.5
0.15230460921843686,-0.2642822706244099,-45.707593667184256,3,3,7.5
0.15430861723446893,-0.25902647619626373,-44.793043490939695,3,3,7.5
0.156312625250501,-0.2536754888949628,-43.86417504702413,3,3,7.5
0.15831663326653306,-0.24823494036719432,-42.91878351584661,3,3,7.5
0.16032064128256512,-0.2427069194524733,-41.95727227216153,3,3,7.5
0.1623246492985972,-0.2370935149903148,-40.980044690723,3,3,7.5
0.16432865731462926,-0.23139681582023366,-39.98750414628525,3,3,7.5
0.16633266533066132,-0.22561891078174484,-38.980054013602505,3,3,7.5
0.16833667334669336,-0.21976188871436342,-37.95809766742886,3,3,7.5
0.17034068136272543,-0.21382783845760425,-36.92203848251856,3,3,7.5
0.1723446893787575,-0.20781884885098226,-35.87227983362574,3,3,7.5
0.17434869739478956,-0.20173700873401246,-34.809225095504615,3,3,7.5
0.17635270541082163,-0.19558440694620982,-33.73327764290942,3,3,7.5
0.1783567134268537,-0.1893631323270893,-32.64484085059422,3,3,7.5
0.18036072144288576,-0.18307527371616583,-31.544318093313308,3,3,7.5
0.18236472945891782,-0.17672291995295436,-30.43211274582082,3,3,7.5
0.1843687374749499,-0.17030815987696993,-29.308628182870955,3,3,7.5
0.18637274549098196,-0.16383308232772742,-28.17426777921792,3,3,7.5
0.18837675350701402,-0.15729977614474183,-27.029434909615873,3,3,7.5
0.1903807615230461,-0.15070428462432447,-25.87817171139011,3,3,7.5
0.19238476953907813,-0.14405464192887202,-24.717646453822184,3,3,7.5
0.1943887775551102,-0.1373540920784899,-23.54787464321855,3,3,7.5
0.19639278557114226,-0.13060521648250906,-22.369262779512326,3,3,7.5
0.19839679358717432,-0.1238105965502604,-21.182217362636504,3,3,7.5
0.2004008016032064,-0.11697281369107483,-19.987144892524196,3,3,7.5
0.20240480961923846,-0.11009444931428322,-18.78445186910841,3,3,7.5
0.20440881763527052,-0.10317808482921645,-17.57454479232218,3,3,7.5
0.2064128256513026,-0.09622630164520542,-16.357830162098594,3,3,7.5
0.20841683366733466,-0.08924168117158097,-15.134714478370665,3,3,7.5
0.21042084168336672,-0.08222680481767405,-13.905604241071451,3,3,7.5
0.2124248496993988,-0.07518425399281552,-12.67090595013401,3,3,7.5
0.21442885771543085,-0.06811661010633624,-11.431026105491416,3,3,7.5
0.21643286573146292,-0.061026454567567126,-10.186371207076697,3,3,7.5
0.21843687374749496,-0.053916368785839164,-8.937347754822893,3,3,7.5
0.22044088176352702,-0.04678893417048304,-7.684362248663062,3,3,7.5
0.2224448897795591,-0.039646732130829726,-6.4278211885302525,3,3,7.5
0.22444889779559116,-0.0324920679521222,-5.1680941884088405,3,3,7.5
0.22645290581162322,-0.025324731775090814,-3.905229951057679,3,3,7.5
0.2284569138276553,-0.018150273681599226,-2.6401600768357696,3,3,7.5
0.23046092184368736,-0.01097100622995549,-1.3734219516679176,3,3,7.5
0.23246492985971942,-0.0037892419784676403,-0.10555296147894888,3,3,7.5
0.2344689378757515,0.003392706514556308,1.162909507806314,3,3,7.5
0.23647294589178355,0.010572526690808307,2.4314280702630517,3,3,7.5
0.23847695390781562,0.017747905991980322,3.6994653399664386,3,3,7.5
0.24048096192384769,0.024916531859764345,4.966483930991666,3,3,7.5
0.24248496993987975,0.03207609173585231,6.231946457413899,3,3,7.5
0.2444889779559118,0.039224273061936134,7.495315533308313,3,3,7.5
0.24649298597194386,0.046358763279707935,8.756053772750118,3,3,7.5
0.24849699398797592,0.05347724983085962,10.013623789814462,3,3,7.5
0.250501002004008,0.0605774201570831,11.26748819857655,3,3,7.5
0.25250501002004005,0.0676569617000704,12.51710961311155,3,3,7.5
0.2545090180360721,0.0747135619015135,13.761950647494626,3,3,7.5
0.2565130260521042,0.08174490820310432,15.001473915800995,3,3,7.5
0.25851703406813625,0.08874868804653484,16.235142032105777,3,3,7.5
0.2605210420841683,0.09572436181398039,17.462580293871703,3,3,7.5
0.2625250501002004,0.10267193760812432,18.683659156835517,3,3,7.5
0.26452905811623245,0.10958120428086993,19.897809009551715,3,3,7.5
0.2665330661322645,0.11644680527319955,21.104980509927586,3,3,7.5
0.2685370741482966,0.1232633840260956,22.30512431587031,3,3,7.5
0.27054108216432865,0.13002558398054045,23.49819108528715,3,3,7.5
0.2725450901803607,0.13672804857751647,24.684131476085295,3,3,7.5
0.2745490981963928,0.143365421258006,25.86289614617197,3,3,7.5
0.27655310621242485,0.14993234546299145,27.034435753454495,3,3,7.5
0.2785571142284569,0.1564234646334552,28.198700955839996,3,3,7.5
0.280561122244489,0.1628334222103796,29.355642411235713,3,3,7.5
0.282565130260521,0.16915686163474683,30.50521077754888,3,3,7.5
0.28456913827655306,0.17538842634753965,31.647356712686786,3,3,7.5
0.2865731462925851,0.18152275978974025,32.78203087455662,3,3,7.5
0.2885771543086172,0.18755450540233096,33.90918392106564,3,3,7.5
0.29058116232464926,0.19347830662629423,35.02876651012109,3,3,7.5
0.2925851703406813,0.19928880690261233,36.14072929963008,3,3,7.5
0.2945891783567134,0.20498064967226778,37.24502294749999,3,3,7.5
0.29659318637274545,0.21056376898562787,38.33829480900598,3,3,7.5
0.2985971943887775,0.21607986708667973,39.410656196278474,3,3,7.5
0.3006012024048096,0.221540479387282,40.458903859080486,3,3,7.5
0.30260521042084165,0.22693175272771832,41.48491767407496,3,3,7.5
0.3046092184368737,0.23222452406645133,42.49424561560806,3,3,7.5
0.3066132264529058,0.23741929207015303,43.48638677016851,3,3,7.5
0.30861723446893785,0.2425165554054952,44.4608402242452,3,3,7.5
0.3106212424849699,0.2475168127391498,45.41710506432668,3,3,7.5
0.312625250501002,0.2524205627377887,46.35468037690177,3,3,7.5
0.31462925851703405,0.2572283040680837,47.27306524845922,3,3,7.5
0.3166332665330661,0.2619405353967069,48.171758765487766,3,3,7.5
0.3186372745490982,0.2665577553903302,49.05026001447611,3,3,7.5
0.32064128256513025,0.27108046271562536,49.908068081913044,3,3,7.5
0.3226452905811623,0.2755091560392643,50.744682054287196,3,3,7.5
0.3246492985971944,0.27984433402791903,51.559601018087406,3,3,7.5
0.32665330661322645,0.28408649534826125,52.352324059802434,3,3,7.5
0.3286573146292585,0.28823613866696307,53.12235026592086,3,3,7.5
0.3306613226452906,0.2922937626506963,53.86917872293162,3,3,7.5
0.33266533066132264,0.29626557083147115,54.59404883496266,3,3,7.5
0.33466933867735466,0.30014770179482764,55.29625008768961,3,3,7.5
0.3366733466933867,0.3039341159567351,55.974921280632884,3,3,7.5
0.3386773547094188,0.3076224696338787,56.63026367384792,3,3,7.5
0.34068136272545085,0.3112104191429437,57.26247852739021,3,3,7.5
0.3426853707414829,0.3146956208006154,57.87176710131496,3,3,7.5
0.344689378757515,0.3180757309235792,58.45833065567763,3,3,7.5
0.34669338677354705,0.3213484058285204,59.02237045053376,3,3,7.5
0.3486973947895791,0.3245113018321242,59.56408774593859,3,3,7.5
0.3507014028056112,0.3275620752510757,60.0836838019475,3,3,7.5
0.35270541082164325,0.33049838240206053,60.581359878615984,3,3,7.5
0.3547094188376753,0.3333178796017638,61.05731723599929,3,3,7.5
0.3567134268537074,0.33601822316687086,61.51175713415291,3,3,7.5
0.35871743486973945,0.33859706941406686,61.944880833132316,3,3,7.5
0.3607214428857715,0.3410520746600373,62.35688959299275,3,3,7.5
0.3627254509018036,0.3433808952214673,62.74798467378963,3,3,7.5
0.36472945891783565,0.34558118741504223,63.11836733557844,3,3,7.5
0.3667334669338677,0.3476506075574474,63.468238838414564,3,3,7.5
0.3687374749498998,0.34959077214014206,63.802626750046855,3,3,7.5
0.37074148296593185,0.35139909069831265,64.11754032508398,3,3,7.5
0.3727454909819639,0.3530755965841184,64.41111877018568,3,3,7.5
0.374749498997996,0.3546212586393672,64.68275405323972,3,3,7.5
0.37675350701402804,0.35603704570586775,64.93183814213347,3,3,7.5
0.3787575150300601,0.3573239266254281,65.1577630047544,3,3,7.5
0.3807615230460922,0.3584828702398566,65.35992060899005,3,3,7.5
0.38276553106212424,0.35951484539096146,65.53770292272802,3,3,7.5
0.38476953907815625,0.3604208209205509,65.69050191385575,3,3,7.5
0.3867735470941883,0.36120176567043344,65.81770955026096,3,3,7.5
0.3887775551102204,0.3618586484824172,65.91871779983084,3,3,7.5
0.39078156312625245,0.36239243819831046,65.99291863045326,3,3,7.5
0.3927855711422845,0.3628041036599215,66.0397040100155,3,3,7.5
0.3947895791583166,0.36309461370905866,66.05846590640523,3,3,7.5
0.39679358717434865,0.36326493718753017,66.04859628750972,3,3,7.5
0.3987975951903807,0.3633160429371442,66.00948712121681,3,3,7.5
0.4008016032064128,0.3614379000122094,64.54228911709731,3,3,7.5
0.40280561122244485,0.35210526820122956,60.88099997996247,3,3,7.5
0.4048096192384769,0.33368189108891444,56.67589625940368,3,3,7.5
0.406813627254509,0.3080646716570831,51.29985319101765,3,3,7.5
0.40881763527054105,0.2762167212462517,44.90774072803563,3,3,7.5
0.4108216432865731,0.23909041055469005,37.659503677800366,3,3,7.5
0.4128256513026052,0.1976381102806681,29.715086847654927,3,3,7.5
0.41482965931863724,0.1528121911224558,21.234435044942177,3,3,7.5
0.4168336673346693,0.10556502377832294,12.377493077004942,3,3,7.5
0.4188376753507014,0.05684897894653955,3.3042057511861316,3,3,7.5
0.42084168336673344,0.007616427325375444,-5.8254821251713516,3,3,7.5
0.4228456913827655,-0.041180260386899564,-14.851625744724638,3,3,7.5
0.4248496993987976,-0.08858871349201541,-23.61428030013087,3,3,7.5
0.42685370741482964,-0.13365656129170234,-31.95350098404707,3,3,7.5
0.4288577154308617,-0.17543143308769038,-39.70934298913045,3,3,7.5
0.4308617234468938,-0.21296095818170968,-46.72186150803812,3,3,7.5
0.43286573146292584,-0.24529276587549034,-52.83111173342701,3,3,7.5
0.4348697394789579,-0.2714744854707624,-57.87714885795443,3,3,7.5
0.4368737474949899,-0.2905537462692556,-61.700028074277355,3,3,7.5
0.438877755511022,-0.30261723847395156,-63.86233447902344,3,3,7.5
0.44088176352705405,-0.3118846801203008,-63.010430083186186,3,3,7.5
0.4428857715430861,-0.31317888617052114,-60.79287226805853,3,3,7.5
0.4448897795591182,-0.3072212543635078,-57.358814112218205,3,3,7.5
0.44689378757515025,-0.2947331824381564,-52.857408694243304,3,3,7.5
0.4488977955911823,-0.2764360681333624,-47.43780909271168,3,3,7.5
0.4509018036072144,-0.2530513091880215,-41.24916838620128,3,3,7.5
0.45290581162324645,-0.22530030334102896,-34.4406396532902,3,3,7.5
0.4549098196392785,-0.19390444833128034,-27.161375972556137,3,3,7.5
0.4569138276553106,-0.1595851418976713,-19.560530422577216,3,3,7.5
0.45891783567134264,-0.12306378177909728,-11.78725608193136,3,3,7.5
0.4609218436873747,-0.08506176571445369,-3.9907060291964456,3,3,7.5
0.4629258517034068,-0.04630049144263618,3.6799666570495395,3,3,7.5
0.46492985971943884,-0.007501356702540214,11.075608898228673,3,3,7.5
0.4669338677354709,0.030614240766938795,18.04706761576302,3,3,7.5
0.468937875751503,0.06732490322690518,24.4451897310746,3,3,7.5
0.47094188376753504,0.10190923293846356,30.12082216558552,3,3,7.5
0.4729458917835671,0.1336458321627183,34.92481184071778,3,3,7.5
0.4749498997995992,0.16330631260842093,38.35031796004875,3,3,7.5
0.47695390781563124,0.19066908729908563,40.122124435676525,3,3,7.5
0.4789579158316633,0.2122612014917251,41.094779527354014,3,3,7.5
0.48096192384769537,0.22835445980019023,41.32855461399976,3,3,7.5
0.48296593186372744,0.23922066683833165,40.883721074532076,3,3,7.5
0.4849699398797595,0.24513162722000015,39.82055028786913,3,3,7.5
0.48697394789579157,0.24635914555904648,38.199313632929275,3,3,7.5
0.4889779559118236,0.24317502646932143,36.08028248863094,3,3,7.5
0.49098196392785565,0.23585107456467566,33.523728233892214,3,3,7.5
0.4929859719438877,0.2246590944589599,30.589922247631556,3,3,7.5
0.4949899799599198,0.20987089076602486,27.33913590876718,3,3,7.5
0.49699398797595185,0.19175826809972138,23.8316405962175,3,3,7.5
0.4989979959919839,0.17059303107390011,20.12770768890072,3,3,7.5
0.501002004008016,0.1466469843024118,16.287608565735276,3,3,7.5
0.503006012024048,0.1201919323991072,12.371614605639298,3,3,7.5
0.5050100200400801,0.09149967997783703,8.439997187531237,3,3,7.5
0.5070140280561122,0.060842031652452125,4.553027690329356,3,3,7.5
0.5090180360721442,0.028490792036803103,0.7709774929519515,3,3,7.5
0.5110220440881763,-0.005118239840487818,-2.8525115070499316,3,3,7.5
0.5130260521042084,-0.03763900698085274,-6.4790936658288905,3,3,7.5
0.5150300601202404,-0.06831165290770753,-10.12448212767859,3,3,7.5
0.5170340681362725,-0.0968997199082225,-13.74066132018212,3,3,7.5
0.5190380761523046,-0.12316675026956803,-17.27961567092259,3,3,7.5
0.5210420841683366,-0.14687628627891455,-20.69332960748303,3,3,7.5
0.5230460921843687,-0.1677918702234324,-23.93378755744655,3,3,7.5
0.5250501002004008,-0.18567704439029195,-26.952973948396277,3,3,7.5
0.5270541082164328,-0.20029535106666363,-29.702873207915168,3,3,7.5
0.5290581162324649,-0.2114103325397177,-32.13546976358646,3,3,7.5
0.531062124248497,-0.21878553109662463,-34.202748042993115,3,3,7.5
0.533066132264529,-0.22218448902455476,-35.856692473718304,3,3,7.5
0.5350701402805611,-0.22137074861067846,-37.04928748334505,3,3,7.5
0.5370741482965932,-0.2161078521421661,-37.73251749945651,3,3,7.5
0.5390781563126252,-0.20615934190618806,-37.85836694963561,3,3,7.5
0.5410821643286573,-0.1912887601899147,-37.37882026146558,3,3,7.5
0.5430861723446894,-0.1712596492805165,-36.24586186252949,3,3,7.5
0.5450901803607214,-0.14583555146516367,-34.411476180410375,3,3,7.5
0.5470941883767535,-0.11810509777521874,-31.136663727157526,3,3,7.5
0.5490981963927856,-0.08846902760687878,-26.674050377954956,3,3,7.5
0.5511022044088176,-0.056440089402956015,-21.438720450492028,3,3,7.5
0.5531062124248497,-0.022674127485705832,-15.566696585517336,3,3,7.5
0.5551102204408818,0.012173013822616575,-9.19400142377949,3,3,7.5
0.5571142284569138,0.047445490199755955,-2.456657606027134,3,3,7.5
0.5591182364729459,0.08248745732345701,4.5093122269911134,3,3,7.5
0.561122244488978,0.11664307087146449,11.567885434526643,3,3,7.5
0.56312625250501,0.1492564865215231,18.583039375830868,3,3,7.5
0.565130260521042,0.17967185995137602,25.418751410154663,3,3,7.5
0.567134268537074,0.20723334683877134,31.938998896750327,3,3,7.5
0.5691382765531061,0.231285102861452,38.007759194868804,3,3,7.5
0.5711422845691382,0.25117128369716285,43.489009663761465,3,3,7.5
0.5731462925851702,0.26623604502364856,48.2467276626797,3,3,7.5
0.5751503006012023,0.2758235425186538,52.14489055087482,3,3,7.5
0.5771543086172344,0.2792779318599234,55.047475687598336,3,3,7.5
0.5791583166332664,0.2759433687252021,56.818460432101595,3,3,7.5
0.5811623246492985,0.26516400879223445,57.32182214363594,3,3,7.5
0.5831663326653306,0.2519827677723695,55.11476675108347,3,3,7.5
0.5851703406813626,0.2327638209683362,51.33342556956104,3,3,7.5
0.5871743486973947,0.20754815839031807,46.344888369552585,3,3,7.5
0.5891783567134268,0.177185225887755,40.31773778378216,3,3,7.5
0.5911823647294588,0.14252446931008725,33.42055644497376,3,3,7.5
0.5931863727454909,0.10441533450675486,25.82192698585135,3,3,7.5
0.595190380761523,0.063707267327198,17.690432039138962,3,3,7.5
0.597194388777555,0.021249713620856814,9.194654237560567,3,3,7.5
0.5991983967935871,-0.022107880762828616,0.503176213840149,3,3,7.5
0.6012024048096192,-0.0655160699744181,-8.21541939929831,3,3,7.5
0.6032064128256512,-0.1081254081644715,-16.79254996913076,3,3,7.5
0.6052104208416833,-0.14908644948354874,-25.059632862933235,3,3,7.5
0.6072144288577154,-0.18754974808220967,-32.84808544798179,3,3,7.5
0.6092184368737474,-0.2226658581110143,-39.98932509155236,3,3,7.5
0.6112224448897795,-0.2535853337205222,-46.314769160921,3,3,7.5
0.6132264529058116,-0.2794587290612935,-51.65583502336358,3,3,7.5
0.6152304609218436,-0.299436598283888,-55.843940046156305,3,3,7.5
0.6172344689378757,-0.31285614646862037,-58.656738697069144,3,3,7.5
0.6192384769539078,-0.3220464936937927,-59.00370816068087,3,3,7.5
0.6212424849699398,-0.32279303123582326,-58.158588486508144,3,3,7.5
0.6232464929859719,-0.31573605170628233,-56.22591725364928,3,3,7.5
0.625250501002004,-0.3015158477167407,-53.31023204120237,3,3,7.5
0.627254509018036,-0.2807727118787687,-49.51607042826559,3,3,7.5
0.6292585170340681,-0.2541469368039367,-44.94796999393731,3,3,7.5
0.6312625250501002,-0.2222788151038155,-39.71046831731579,3,3,7.5
0.6332665330661322,-0.18580863938997536,-33.90810297749899,3,3,7.5
0.6352705410821643,-0.14537670227398677,-27.645411553585514,3,3,7.5
0.6372745490981964,-0.10162329636742036,-21.026931624673367,3,3,7.5
0.6392785571142284,-0.05518871428184644,-14.157200769860847,3,3,7.5
0.6412825651302605,-0.006713248628835607,-7.140756568246184,3,3,7.5
0.6432865731462926,0.04316280798004158,-0.08213659892761105,3,3,7.5
0.6452905811623246,0.0937991629332148,6.9141215589966585,3,3,7.5
0.6472945891783567,0.14455552361911353,13.743480326428372,3,3,7.5
0.6492985971943888,0.19479159742616706,20.301402124269313,3,3,7.5
0.6513026052104208,0.2438670917428052,26.483349373421213,3,3,7.5
0.6533066132264529,0.28934774849126205,32.66656231049661,3,3,7.5
0.655310621242485,0.32393880651120854,40.074427190366364,3,3,7.5
0.657314629258517,0.3519994957512989,46.94281965473039,3,3,7.5
0.6593186372745491,0.37318168586876915,53.053656667509884,3,3,7.5
0.6613226452905812,0.3871372465208548,58.18885519262604,3,3,7.5
0.6633266533066132,0.3935180473647919,62.130332194000374,3,3,7.5
0.6653306613226453,0.39197595805781626,64.66000463555412,3,3,7.5
0.6673346693386772,0.38629490408012795,65.4584048421724,3,3,7.5
0.6693386773547093,0.3859557663108766,65.45391069403675,3,3,7.5
0.6713426853707414,0.3854686748058731,65.42476639027794,3,3,7.5
0.6733466933867734,0.3848376490945369,65.3709912684468,3,3,7.5
0.6753507014028055,0.3840667087062872,65.2926046660943,3,3,7.5
0.6773547094188376,0.38315987317054323,65.18962592077125,3,3,7.5
0.6793587174348696,0.38212116201672436,65.06207437002855,3,3,7.5
0.6813627254509017,0.3809545947742498,64.90996935141703,3,3,7.5
0.6833667334669338,0.3796641909725389,64.73333020248762,3,3,7.5
0.6853707414829658,0.3782539701410109,64.53217626079103,3,3,7.5
0.6873747494989979,0.37672795180908514,64.30652686387836,3,3,7.5
0.68937875751503,0.3750812477902079,64.06195090846657,3,3,7.5
0.691382765531062,0.3733076671228712,63.80292586542426,3,3,7.5
0.6933867735470941,0.3714175471149723,63.522167449134955,3,3,7.5
0.6953907815631262,0.3694094534766118,63.219899623488885,3,3,7.5
0.6973947895791582,0.3672819519178901,62.89634635237614,3,3,7.5
0.6993987975951903,0.36503360814890784,62.551731599687194,3,3,7.5
0.7014028056112224,0.3626504940667453,62.19497840181793,3,3,7.5
0.7034068136272544,0.3601437515585877,61.81859512243408,3,3,7.5
0.7054108216432865,0.3575200355542282,61.41848633312934,3,3,7.5
0.7074148296593186,0.35477988430080676,60.99475726529288,3,3,7.5
0.7094188376753506,0.3519238360454631,60.547513150313804,3,3,7.5
0.7114228456913827,0.3489524290353373,60.07685921958168,3,3,7.5
0.7134268537074148,0.3458662015175691,59.582900704485475,3,3,7.5
0.7154308617234468,0.3426656917392984,59.06574283641447,3,3,7.5
0.7174348697394789,0.339351437947665,58.525490846757876,3,3,7.5
0.719438877755511,0.33592397838980864,57.962249966905034,3,3,7.5
0.721442885771543,0.33238385131286946,57.37612542824515,3,3,7.5
0.7234468937875751,0.3287315949639872,56.76722246216736,3,3,7.5
0.7254509018036072,0.32496118405435565,56.140472883065584,3,3,7.5
0.7274549098196392,0.3210756129895815,55.49445733466937,3,3,7.5
0.7294589178356713,0.31708092313291386,54.82603333413725,3,3,7.5
0.7314629258517034,0.3129783668903631,54.135622976208644,3,3,7.5
0.7334669338677354,0.3087691966679399,53.4236483556232,3,3,7.5
0.7354709418837675,0.30445466487165496,52.690531567120374,3,3,7.5
0.7374749498997996,0.3000360239075187,51.936694705439656,3,3,7.5
0.7394789579158316,0.295514526181542,51.16255986532049,3,3,7.5
0.7414829659318637,0.29089142409973523,50.36854914150254,3,3,7.5
0.7434869739478958,0.28616797006810923,49.55508462872531,3,3,7.5
0.7454909819639278,0.2813454164926743,48.72258842172821,3,3,7.5
0.7474949899799599,0.2764250157794414,47.87148261525087,3,3,7.5
0.749498997995992,0.271408020334421,47.00218930403277,3,3,7.5
0.751503006012024,0.2662956825636236,46.115130582813435,3,3,7.5
0.7535070140280561,0.26108925487306,45.210728546332376,3,3,7.5
0.7555110220440882,0.25578998966874067,44.289405289329096,3,3,7.5
0.7575150300601202,0.25039913935667635,43.351582906543136,3,3,7.5
0.7595190380761523,0.24491795634287755,42.39768349271408,3,3,7.5
0.7615230460921844,0.23934065719073006,41.43340763697657,3,3,7.5
0.7635270541082164,0.2336742724121764,40.45554598591028,3,3,7.5
0.7655310621242485,0.22792340661061136,39.46281506297613,3,3,7.5
0.7675350701402806,0.22209039793446372,38.45559786297981,3,3,7.5
0.7695390781563125,0.21617758453216238,37.43427738072708,3,3,7.5
0.7715430861723446,0.2101873045521355,36.39923661102357,3,3,7.5
0.7735470941883766,0.20412189614281218,35.35085854867494,3,3,7.5
0.7755511022044087,0.19798369745262115,34.28952618848695,3,3,7.5
0.7775551102204408,0.19177504662999112,33.21562252526524,3,3,7.5
0.7795591182364728,0.18549828182335076,32.129530553815556,3,3,7.5
0.7815631262525049,0.17915574118112898,31.031633268943565,3,3,7.5
0.783567134268537,0.17274976285175433,29.92231366545498,3,3,7.5
0.785571142284569,0.16628268498365573,28.801954738155466,3,3,7.5
0.7875751503006011,0.15975684572526178,27.67093948185072,3,3,7.5
0.7895791583166332,0.15317458322500127,26.529650891346453,3,3,7.5
0.7915831663326652,0.14653823563130292,25.378471961448305,3,3,7.5
0.7935871743486973,0.13985014109259547,24.217785686962063,3,3,7.5
0.7955911823647294,0.13311263775730767,23.047975062693354,3,3,7.5
0.7975951903807614,0.1263218913282605,21.873867745897503,3,3,7.5
0.7995991983967935,0.11948623607581739,20.691783722685393,3,3,7.5
0.8016032064128256,0.11260855175249879,19.501897344856108,3,3,7.5
0.8036072144288576,0.10569130964259717,18.304672646542414,3,3,7.5
0.8056112224448897,0.09873698103040501,17.100573661877135,3,3,7.5
0.8076152304609218,0.09174803720021485,15.890064424993081,3,3,7.5
0.8096192384769538,0.08472694943631917,14.673608970023016,3,3,7.5
0.8116232464929859,0.07767618902301043,13.45167133109973,3,3,7.5
0.813627254509018,0.07059822724458119,12.224715542355977,3,3,7.5
0.81563126252505,0.06349553538532388,10.993205637924607,3,3,7.5
0.8176352705410821,0.056370584729531034,9.75760565193837,3,3,7.5
0.8196392785571142,0.04922584656149516,8.518379618530087,3,3,7.5
0.8216432865731462,0.04206379216550871,7.275991571832517,3,3,7.5
0.8236472945891783,0.03488689282586421,6.030905545978463,3,3,7.5
0.8256513026052104,0.027697619826854158,4.783585575100715,3,3,7.5
0.8276553106212424,0.020498444452771037,3.534495693332066,3,3,7.5
0.8296593186372745,0.013291837987907356,2.2840999348053037,3,3,7.5
0.8316633266533066,0.0060802038925250506,1.032874807396342,3,3,7.5
0.8336673346693386,-0.0011343272219875005,-0.21863214700001932,3,3,7.5
0.8356713426853707,-0.008348638447203086,-1.4700546416554339,3,3,7.5
0.8376753507014028,-0.01556018293202482,-2.7209361475547102,3,3,7.5
0.8396793587174348,-0.02276641382535584,-3.9708201356826804,3,3,7.5
0.8416833667334669,-0.029964784276099287,-5.219250077024144,3,3,7.5
0.843687374749499,-0.03715274743315829,-6.465769442563939,3,3,7.5
0.845691382765531,-0.04432775644543599,-7.709921703286867,3,3,7.5
0.8476953907815631,-0.051487264461835505,-8.951250330177757,3,3,7.5
0.8496993987975952,-0.05862872463125998,-10.18929879422142,3,3,7.5
0.8517034068136272,-0.06574959010261257,-11.423610566402676,3,3,7.5
0.8537074148296593,-0.07284731402479634,-12.653729117706344,3,3,7.5
0.8557114228456913,-0.07991934954671448,-13.879197919117255,3,3,7.5
0.8577154308617234,-0.08696314981727013,-15.099560441620202,3,3,7.5
0.8597194388777555,-0.09397616798536641,-16.314360156200017,3,3,7.5
0.8617234468937875,-0.10095585719990641,-17.52314053384152,3,3,7.5
0.8637274549098196,-0.10789967060979333,-18.725445045529494,3,3,7.5
0.8657314629258517,-0.11480506136393027,-19.920817162248834,3,3,7.5
0.8677354709418837,-0.12166754163423336,-21.110342049781323,3,3,7.5
0.8697394789579158,-0.12848189554264267,-22.29570484593548,3,3,7.5
0.8717434869739479,-0.135250421087912,-23.472819801030013,3,3,7.5
0.8737474949899798,-0.14197085267568177,-24.641277746904393,3,3,7.5
0.8757515030060119,-0.1486409247115937,-25.8006695153986,3,3,7.5
0.877755511022044,-0.15525837160128836,-26.950585938352248,3,3,7.5
0.879759519038076,-0.16182092775040668,-28.090617847604896,3,3,7.5
0.8817635270541081,-0.1683263275645896,-29.22035607499636,3,3,7.5
0.8837675350701402,-0.17477230544947803,-30.33939145236633,3,3,7.5
0.8857715430861722,-0.18115659581071286,-31.44731481155445,3,3,7.5
0.8877755511022043,-0.18747693305393517,-32.5437169844004,3,3,7.5
0.8897795591182364,-0.19373105158478576,-33.628188802743935,3,3,7.5
0.8917835671342684,-0.1999166858089056,-34.70032109842468,3,3,7.5
0.8937875751503005,-0.2060315701319356,-35.75970470328239,3,3,7.5
0.8957915831663326,-0.21207343895951675,-36.80593044915667,3,3,7.5
0.8977955911823646,-0.21804002669728992,-37.838589167887335,3,3,7.5
0.8997995991983967,-0.22392906775089608,-38.85727169131394,3,3,7.5
0.9018036072144288,-0.22973829652597616,-39.86156885127632,3,3,7.5
0.9038076152304608,-0.2354599892701463,-40.85529110128197,3,3,7.5
0.9058116232464929,-0.24109147868765518,-41.83851718299995,3,3,7.5
0.907815631262525,-0.24663709127217703,-42.80622758004094,3,3,7.5
0.909819639278557,-0.25209513647672643,-43.75808101845012,3,3,7.5
0.9118236472945891,-0.2574639237543179,-44.69373622427278,3,3,7.5
0.9138276553106212,-0.2627417625579661,-45.612851923554196,3,3,7.5
0.9158316633266532,-0.26792696234068547,-46.51508684233958,3,3,7.5
0.9178356713426853,-0.27301783255549056,-47.40009970667421,3,3,7.5
0.9198396793587174,-0.27801268265539597,-48.26754924260328,3,3,7.5
0.9218436873747494,-0.2829098220934163,-49.117094176172095,3,3,7.5
0.9238476953907815,-0.28770756032256606,-49.94839323342599,3,3,7.5
0.9258517034068136,-0.2924042067958598,-50.76110514040992,3,3,7.5
0.9278557114228456,-0.29699807096631214,-51.55488862316953,3,3,7.5
0.9298597194388777,-0.3014874622869375,-52.329402407749875,3,3,7.5
0.9318637274549098,-0.30587069021075064,-53.08430522019619,3,3,7.5
0.9338677354709418,-0.31014606419076585,-53.819255786553754,3,3,7.5
0.9358717434869739,-0.31431189367999796,-54.53391283286777,3,3,7.5
0.937875751503006,-0.3183664881314613,-55.22793508518367,3,3,7.5
0.939879759519038,-0.3223011329597256,-55.906459548287984,3,3,7.5
0.9418837675350701,-0.326117734139996,-56.56667277607134,3,3,7.5
0.9438877755511021,-0.3298189109176715,-57.2054960992056,3,3,7.5
0.9458917835671342,-0.33340354988377774,-57.82276465597003,3,3,7.5
0.9478957915831663,-0.3368705376293404,-58.41831358464415,3,3,7.5
0.9498997995991983,-0.3402187607453851,-58.99197802350706,3,3,7.5
0.9519038076152304,-0.3434471058229376,-59.543593110837776,3,3,7.5
0.9539078156312625,-0.34655445945302343,-60.07299398491583,3,3,7.5
0.9559118236472945,-0.34953970822666836,-60.580015784020276,3,3,7.5
0.9579158316633266,-0.352401738734898,-61.06449364643027,3,3,7.5
0.9599198396793587,-0.35513943756873795,-61.526262710425385,3,3,7.5
0.9619238476953907,-0.35775169131921397,-61.96515811428458,3,3,7.5
0.9639278557114228,-0.3602373865773517,-62.38101499628711,3,3,7.5
0.9659318637274549,-0.36259540993417677,-62.77366849471233,3,3,7.5
0.9679358717434869,-0.36482464798071484,-63.14295374783934,3,3,7.5
0.969939879759519,-0.36692398730799153,-63.4887058939475,3,3,7.5
0.9719438877755511,-0.3688923145070325,-63.81076007131597,3,3,7.5
0.9739478957915831,-0.37072851616886365,-64.108951418224,3,3,7.5
0.9759519038076151,-0.37242763651975164,-64.38633012679105,3,3,7.5
0.9779559118236472,-0.373992684046371,-64.64032731282578,3,3,7.5
0.9799599198396792,-0.37542461289231144,-64.87014173250073,3,3,7.5
0.9819639278557113,-0.3767235716426479,-65.07560938825623,3,3,7.5
0.9839679358717434,-0.37788970888245493,-65.25656628253266,3,3,7.5
0.9859719438877754,-0.37892317319680746,-65.41284841777018,3,3,7.5
0.9879759519038075,-0.37982411317078013,-65.54429179640911,3,3,7.5
0.9899799599198396,-0.3805926773894478,-65.65073242088982,3,3,7.5
0.9919839679358716,-0.38122901443788526,-65.73200629365249,3,3,7.5
0.9939879759519037,-0.3817332729011671,-65.78794941713757,3,3,7.5
0.9959919839679358,-0.38210560136436816,-65.81839779378528,3,3,7.5
0.9979959919839678,-0.38234614841256326,-65.82318742603582,3,3,7.5
1.0,-0.382455062630827,-65.80215431632955,3,3,7.5
